<?xml version="1.0" encoding="UTF-8"?><metadata>
<idinfo>
<citation>
<citeinfo>
<origin/>
<pubdate>20181002</pubdate>
<title>MO 2018 Federally Qualified Health Center (FQHC) Locations</title>
<geoform>vector digital data</geoform>
</citeinfo>
</citation>
<descript>
<abstract>This dataset was developed by the Missouri Department of Health and Senior ServicesAn FQHC provides services to medically underserved populations. An FQHC may be in either an urban or rural area.October 2018 Update</abstract>
<purpose>Locations of federally qualified health centers in Missouri.</purpose>
</descript>
<timeperd>
<timeinfo>
<sngdate>
<caldate>20181002</caldate>
</sngdate>
</timeinfo>
<current>Updated as of October 2018.</current>
</timeperd>
<status>
<progress>Complete</progress>
<update>Quarterly</update>
</status>
<spdom>
<bounding>
<westbc>-95.247433</westbc>
<eastbc>-89.337773</eastbc>
<northbc>40.440414</northbc>
<southbc>36.118483</southbc>
</bounding>
</spdom>
<keywords>
<theme>
<themekt>None</themekt>
<themekey>medical</themekey>
<themekey>health</themekey>
</theme>
<theme>
<themekt>ISO 19115 Topic Categories</themekt>
<themekey>health</themekey>
</theme>
<place>
<placekt>None</placekt>
<placekey>Missouri</placekey>
<placekey>MO</placekey>
</place>
<temporal>
<tempkt>None</tempkt>
<tempkey>2018</tempkey>
</temporal>
</keywords>
<accconst>None</accconst>
<useconst>Locations were generated using the Centrus AddressBroker software. Addresses that could not be placed to a specific location, such as PO Boxes have been noted with the LOC_Code of CENT. These points could only be placed in the general vicinity of the facility.</useconst>
<ptcontac>
<cntinfo>
<cntorgp>
<cntorg>Missouri Office of Geospatial Information</cntorg>
</cntorgp>
<cntaddr>
<addrtype>mailing and physical</addrtype>
<address>301 West High Street, Rm 578</address>
<city>Jefferson City</city>
<state>MO</state>
<postal>65101</postal>
<country>US</country>
</cntaddr>
<cntvoice>573-522-5034</cntvoice>
<cntemail>MO.GIS@oa.mo.gov</cntemail>
<hours>8:00 a.m. - 5 p.m.</hours>
</cntinfo>
</ptcontac>
<datacred>Missouri Primary Care Association, Missouri Department of Health and Senior Sevices</datacred>
<native>ESRI ArcGIS 10.0.4.4000</native>
</idinfo>
<dataqual>
<logic>None</logic>
<complete>None</complete>
<lineage>
<procstep>
<procdesc>Contact made with Missouri  Primary Care Association. Representative reported no updates at this time.</procdesc>
<procdate>20170502</procdate>
<proccont>
<cntinfo>
<cntorgp>
<cntorg>Missouri Office of Geospatial Information</cntorg>
</cntorgp>
<cntaddr>
<addrtype>mailing and physical</addrtype>
<address>301 West High Street, Rm 840</address>
<city>Jefferson City</city>
<state>MO</state>
<postal>65101</postal>
<country>US</country>
</cntaddr>
<cntvoice>573-522-5034</cntvoice>
<cntemail>MO.GIS@oa.mo.gov</cntemail>
<hours>8:00 a.m. - 5 p.m.</hours>
</cntinfo>
</proccont>
</procstep>
<procstep>
<procdesc>Two new facilities added. Entire file was QA/QC using NAIP 2016 Imagery and Google Streetview. All facilities were positively identified, locations moved, and new Latitude and Longitude recorded.</procdesc>
<procdate>20180112</procdate>
</procstep>
<procstep>
<procdesc>Changed affiliated name of one group in St. Louis City. Added one new facility in St. Louis City.</procdesc>
<procdate>20180517</procdate>
<proccont>
<cntinfo>
<cntorgp>
<cntorg>Missouri Office of Geospatial Information</cntorg>
</cntorgp>
<cntaddr>
<addrtype>mailing and physical</addrtype>
<address>301 West High Street, Rm 578</address>
<city>Jefferson City</city>
<state>MO</state>
<postal>65101</postal>
<country>US</country>
</cntaddr>
<cntvoice>573-522-5034</cntvoice>
<cntemail>MO.GIS@oa.mo.gov</cntemail>
<hours>8:00 a.m. - 5 p.m.</hours>
</cntinfo>
</proccont>
</procstep>
<procstep>
<procdesc>Moved clinic in Thayer, Missouri to new location.</procdesc>
<procdate>20180605</procdate>
<proccont>
<cntinfo>
<cntorgp>
<cntorg>Missouri Office of Geospatial Information</cntorg>
</cntorgp>
<cntaddr>
<addrtype>mailing and physical</addrtype>
<address>301 West High Street, Rm 840</address>
<city>Jefferson City</city>
<state>MO</state>
<postal>65101</postal>
<country>US</country>
</cntaddr>
<cntvoice>573-522-5034</cntvoice>
<cntemail>MO.GIS@oa.mo.gov</cntemail>
<hours>8:00 a.m. - 5 p.m.</hours>
</cntinfo>
</proccont>
</procstep>
<procstep>
<procdesc>Contact made with Missouri  Primary Care Association. Representative reported no updates at this time.</procdesc>
<procdate>20180924</procdate>
<proccont>
<cntinfo>
<cntorgp>
<cntorg>Missouri Office of Geospatial Information</cntorg>
</cntorgp>
<cntaddr>
<addrtype>mailing and physical</addrtype>
<address>301 West High Street, Rm 578</address>
<city>Jefferson City</city>
<state>MO</state>
<postal>65101</postal>
<country>US</country>
</cntaddr>
<cntvoice>573-522-5034</cntvoice>
<cntemail>MO.GIS@oa.mo.gov</cntemail>
<hours>8:00 a.m. - 5 p.m.</hours>
</cntinfo>
</proccont>
</procstep>
<procstep>
<procdesc>Moved the location for two facilities in Jefferson City. Added a new facility for pediatric patients in Jefferson City.</procdesc>
<procdate>20181002</procdate>
<proccont>
<cntinfo>
<cntorgp>
<cntorg>Missouri Office of Geospatial Information</cntorg>
</cntorgp>
<cntaddr>
<addrtype>mailing and physical</addrtype>
<address>301 West High Street, Rm 578</address>
<city>Jefferson City</city>
<state>MO</state>
<postal>65101</postal>
<country>US</country>
</cntaddr>
<cntvoice>573-522-5034</cntvoice>
<cntemail>MO.GIS@oa.mo.gov</cntemail>
<hours>8:00 a.m. - 5 p.m.</hours>
</cntinfo>
</proccont>
</procstep>
</lineage>
</dataqual>
<spdoinfo>
<direct>Vector</direct>
<ptvctinf>
<sdtsterm>
<sdtstype>Entity point</sdtstype>
<ptvctcnt>197</ptvctcnt>
</sdtsterm>
</ptvctinf>
</spdoinfo>
<eainfo>
<detailed>
<enttyp>
<enttypl>MO 2018 Federally Qualified Health Center (FQHC) Locations</enttypl>
</enttyp>
<attr>
<attrlabl>FID</attrlabl>
<attrdef>Internal feature number.</attrdef>
<attrdefs>Esri</attrdefs>
<attrdomv>
					<udom>Sequential unique whole numbers that are automatically generated.</udom>
				</attrdomv>
</attr>
<attr>
<attrlabl>GROUP_NAME</attrlabl>
<attrdef>The medical group or consortium that the clinic is affilitated with.</attrdef>
<attrdefs>MO Primary Care Assoc.</attrdefs>
</attr>
<attr>
<attrlabl>Shape</attrlabl>
<attrdef>Feature geometry.</attrdef>
<attrdefs>ESRI</attrdefs>
<attrdomv>
					<udom>Coordinates defining the features.</udom>
				</attrdomv>
</attr>
<attr>
<attrlabl>FACILITY</attrlabl>
<attrdef>Facility Name</attrdef>
<attrdefs>MO Primary Care Assoc.</attrdefs>
</attr>
<attr>
<attrlabl>ADDRESS</attrlabl>
<attrdef>Facility Address</attrdef>
<attrdefs>MO Primary Care Assoc.</attrdefs>
</attr>
<attr>
<attrlabl>CITY</attrlabl>
<attrdef>Facility City</attrdef>
<attrdefs>MO Primary Care Assoc.</attrdefs>
</attr>
<attr>
<attrlabl>STATE</attrlabl>
<attrdef>Facility State</attrdef>
<attrdefs>MO Primary Care Assoc.</attrdefs>
</attr>
<attr>
<attrlabl>ZIP</attrlabl>
<attrdef>Facility ZIP code</attrdef>
<attrdefs>MO Primary Care Assoc.</attrdefs>
</attr>
<attr>
<attrlabl>PHONE</attrlabl>
<attrdef>Phone number for the facility.</attrdef>
<attrdefs>MO Primary Care Assoc.</attrdefs>
</attr>
<attr>
<attrlabl>COUNTY</attrlabl>
<attrdef>Facility County</attrdef>
<attrdefs>MO Primary Care Assoc.</attrdefs>
</attr>
<attr>
<attrlabl>LATITUDE</attrlabl>
<attrdef>Latitude in decimal degrees, NAD83</attrdef>
<attrdefs>DHSS</attrdefs>
</attr>
<attr>
<attrlabl>LONGITUDE</attrlabl>
<attrdef>Longitude in decimal degrees, NAD83</attrdef>
<attrdefs>DHSS</attrdefs>
</attr>
<attr>
<attrlabl>LOC_CODE</attrlabl>
<attrdef>Accuracy of location generated by the Centrus Geocoder for ArcGIS.</attrdef>
<attrdefs>DHSS</attrdefs>
<attrdomv>
					<edom>
						<edomv>CENT</edomv>
						<edomvd>Location approximated, but centrally located in general vicinity of address.</edomvd>
						<edomvds>DHSS</edomvds>
					</edom>
				</attrdomv>
<attrdomv>
					<edom>
						<edomv>GEO</edomv>
						<edomvd>Location provided by address matching.  Address assigned to a specific location along a road segment.</edomvd>
						<edomvds>DHSS</edomvds>
					</edom>
				</attrdomv>
<attrdomv>
					<edom>
						<edomv>MAP</edomv>
						<edomvd>Location refined using 2006 NAIP Aerial Photography.</edomvd>
						<edomvds>DHSS</edomvds>
					</edom>
				</attrdomv>
</attr>
</detailed>
</eainfo>
<metainfo>
<metd>20181002</metd>
<metc>
<cntinfo>
<cntorgp>
<cntorg>Missouri Office of Geospatial Information</cntorg>
</cntorgp>
<cntaddr>
<addrtype>mailing and physical</addrtype>
<address>301 West High Street, Rm 578</address>
<city>Jefferson City</city>
<state>MO</state>
<postal>65101</postal>
<country>US</country>
</cntaddr>
<cntvoice>573-522-5034</cntvoice>
<cntemail>MO.GIS@oa.mo.gov</cntemail>
<hours>8:00 a.m. - 5 p.m.</hours>
</cntinfo>
</metc>
<metstdn>FGDC Content Standard for Digital Geospatial Metadata</metstdn>
<metstdv>FGDC-STD-001-1998</metstdv>
<mettc>local time</mettc>
</metainfo>
</metadata>
