,key,x,y,result
0,1,-0.6296696192713085,-0.20198418652769323,True
1,1,-0.0545242146963516,0.1486061869609987,False
2,1,-0.10104374262402982,-0.2155697798838485,True
3,1,0.26454404896332573,-0.5796217328213793,False
4,1,0.9441773776413742,0.38969572885187387,True
5,1,0.3543895851561205,-0.04163953747952309,True
6,1,0.459187221699799,-0.30329436556076406,False
7,1,-0.6019457665204926,-0.713079338703055,True
8,1,0.41273865575022106,0.39037612440803215,True
9,1,-0.5104551726227486,0.6662605264028545,False
10,1,-0.9956026782547465,-0.8496707805886519,True
11,1,0.8249142867446049,0.560939000749884,True
12,1,0.006956743177490843,0.46688053368657334,True
13,1,-0.3318234884094804,0.6036236999231748,False
14,1,-0.5458988336038872,0.13179449052256698,False
15,1,0.5858111893359486,0.3858040338098576,True
16,1,0.20875319292976657,0.7941727894343451,True
17,1,0.9661039101118971,0.846252397599571,True
18,1,-0.4025030741524007,-0.38279889843583503,True
19,1,0.010388534097674595,-0.24200913201842011,True
20,1,-0.09209714381084311,0.6983486122069675,True
21,1,0.4104960849056567,-0.2887352332555262,False
22,1,0.763190778676418,-0.20293532805461334,False
23,1,0.1917990972937178,-0.8064458124309706,False
24,1,0.7265017593436223,0.09844806169226095,True
25,1,-0.5112823522384753,0.7302187013383103,False
26,1,0.15826661300810674,-0.8503887280281228,False
27,1,0.4760275659000899,0.5343149427337752,True
28,1,0.46340763878858193,-0.7809014423177432,False
29,1,-0.6191666086228464,0.1962941030129759,False
30,1,0.9030026140397993,0.37997302735387306,True
31,1,-0.19355962828355677,-0.28024287893975397,True
32,1,0.0625148257937107,-0.49696942139408407,False
33,1,0.06135109086500634,0.3039429838751313,True
34,1,-0.651367601807852,0.31772001035021047,False
35,1,-0.10442671709960472,0.7878093399455537,False
36,1,-0.23711218567866288,0.08994182169966436,True
37,1,0.9541476392061539,0.23504006645929643,True
38,1,-0.38734833254612533,0.2675611127107793,False
39,1,-0.02777968966587485,0.37361467721529307,False
40,1,-0.8222656661187577,0.33298630374997584,False
41,1,-0.5745202318287805,-0.6428267816171007,True
42,1,0.18474498877796575,0.7040769798421265,True
43,1,-0.5879640036508629,0.11745718140120487,False
44,1,0.8478597393817677,-0.3299535183297253,False
45,1,-0.9997273930610371,0.017486320366132624,False
46,1,-0.7194770691970778,-0.452397251336746,True
47,1,-0.047723183607985,-0.9875419133416607,False
48,1,0.1954751908853627,0.759940748478338,True
49,1,-0.7767603470697542,-0.4893907019747792,True
50,1,0.6763413908067124,0.37527718278107813,True
51,1,-0.9742660569308279,-0.3820443876334274,True
52,1,-0.3861267681729814,-0.2942877731117397,True
53,1,0.23383535719775406,0.7018539328336626,True
54,1,-0.7616591734830882,0.6648965516955969,False
55,1,0.884679684407456,0.7001097193074057,True
56,1,0.217301924623317,0.6383332241151667,True
57,1,-0.3222658585373044,-0.5270386140050589,True
58,1,-0.8433923812176982,0.3067142998534682,False
59,1,-0.9645818471705712,0.40469959352060303,False
60,1,0.9744497726047601,-0.4534288870313914,False
61,1,-0.2920506263085998,0.09727764822827645,False
62,1,0.34133690376337156,0.016150939810024578,False
63,1,0.18109733530506356,-0.21728822187919916,False
64,1,0.8391989278213259,0.30717037916006507,True
65,1,-0.4083293177108127,0.8256849639202042,False
66,1,0.30020003690835795,0.9488811712671628,True
67,1,0.0032645448100794283,0.35128398331924404,False
68,1,0.5431895378022038,-0.4251208826539925,False
69,1,-0.47980154448001766,-0.9825608845244957,True
70,1,0.4904950996598816,0.23022580892393507,True
71,1,-0.7551020012833434,0.3740338469351234,False
72,1,-0.708593035246686,0.04779032504288416,True
73,1,-0.8227514329423944,0.8521852628928364,False
74,1,0.4585273365965634,-0.7867837171317809,False
75,1,0.4438329398369336,0.9156555652649829,True
76,1,-0.4226395359317734,0.8019707436140315,False
77,1,-0.19756486329681788,0.8658095269369026,False
78,1,-0.9591185586499174,0.17041600300762316,False
79,1,-0.2589883424369104,0.3809932354131056,False
80,1,-0.4194002815677378,0.1111505362643137,False
81,1,0.05587241283850064,-0.934474099785122,False
82,1,-0.816817050417044,0.4293570676913374,False
83,1,-0.6027081101470577,0.4238188466250963,False
84,1,-0.0808625525688258,0.44533521682974775,True
85,1,-0.6473139849150757,0.4965971434357548,False
86,1,-0.8074596249269475,-0.15513546030238734,True
87,1,-0.2691505319915899,-0.10434267634498307,True
88,1,-0.9498250360859499,-0.9373298742446248,True
89,1,0.5079225157912908,0.37308794200341855,True
90,1,0.5872999877052718,-0.5013633534789996,False
91,1,0.4482770877452189,0.4794462445826988,True
92,1,-0.5908577144033449,-0.19371725465189593,True
93,1,0.5641710673596922,-0.09459893552127085,False
94,1,0.12228241924627903,-0.3963923365147939,True
95,1,-0.7811272084478897,-0.3800603772593363,True
96,1,-0.5315589021984355,-0.8188906417219362,True
97,1,0.07997374797726331,0.8164563185643163,True
98,1,0.08369674610953326,0.055259110330914574,True
99,1,0.7241895460100394,0.26079805840139514,True
100,1,-0.17475641027941236,0.9480171059047859,False
101,1,0.3353227353283281,0.10203102512431217,False
102,1,0.3493035373346125,0.7092607811380998,True
103,1,0.31381056773198246,0.9712633376766995,True
104,1,0.8472565879143825,-0.1657252212374174,False
105,1,-0.14349257436870322,-0.748016596835692,True
106,1,-0.18799352356048438,-0.538249554447088,True
107,1,0.40944983717948014,0.11667628713489453,True
108,1,0.23377634173495543,0.8510363685861089,True
109,1,0.7279875795926207,-0.05690310729830661,False
110,1,-0.18522029968858744,-0.9977147771416695,True
111,1,0.033512754921504184,-0.7786361980939449,False
112,1,0.336216065498663,0.7439342476983404,True
113,1,-0.40784258192881584,-0.839642024619583,True
114,1,-0.1649243562820102,-0.5745772897265833,True
115,1,0.6956687580328831,-0.4760943369824471,False
116,1,0.5800491349236565,0.8845624861732739,True
117,1,-0.019371002075511123,-0.2565452292152006,True
118,1,0.9570483806110908,-0.19959046893203936,False
119,1,-0.2037374139053807,0.5772489183661567,False
120,1,0.6708278883838847,0.5657202845069664,True
121,1,-0.02581436660746461,-0.4844915957202309,True
122,1,0.8885298666977652,-0.9388135021850119,False
123,1,-0.37313566920699537,-0.729726374164239,True
124,1,0.33731211834725094,0.38009963302727057,True
125,1,0.28718985807489994,-0.22422901226897585,False
126,1,-0.03692983626466351,-0.909965124582232,True
127,1,0.47314981646975207,-0.4267716308896672,False
128,1,0.9151172497022271,-0.8715588751600916,False
129,1,-0.5257350094982951,-0.6958685218495373,True
130,1,0.5037724508652821,-0.851717749401107,False
131,1,-0.09281452203080853,-0.13203649986394317,True
132,1,0.48777512060369266,-0.4205954320484653,False
133,1,0.44405333347644227,0.9969729663122164,True
134,1,0.7870987578931263,-0.7941368495600847,False
135,1,-0.09817379974480978,-0.9396426626350076,True
136,1,0.7374776814213526,-0.1447610745914183,False
137,1,-0.7530874469565514,0.1504686217307165,False
138,1,0.3836707725934212,0.6653693683251569,True
139,1,0.9762234714947307,-0.9003880584621504,False
140,1,0.6711630437062661,-0.6237132066219488,False
141,1,-0.5857281009978557,-0.03571788345901905,True
142,1,0.26232109484854194,0.978209936746633,True
143,1,-0.4061469317543156,-0.23495235368496825,True
144,1,-0.5345483843530783,-0.1089872364881761,True
145,1,0.7365466000663854,0.2544847476838674,True
146,1,0.9376898046273252,0.7711707632045515,True
147,1,-0.04977214601911628,0.6023797698555389,True
148,1,0.48131246134269334,-0.7708163774144414,False
149,1,-0.43516727723651627,0.837274278791228,False
150,1,-0.3259601821001892,0.4883110090531124,False
151,1,0.16845480824612258,0.871939865825899,True
152,1,-0.8049163225999172,0.9408783467874113,False
153,1,0.7404125807561523,0.36917136229792,True
154,1,-0.6835747916396573,-0.41980792487106044,True
155,1,-0.6053339226598746,0.8820263826100585,False
156,1,-0.5297567772611635,0.5145894156619795,False
157,1,0.37026428665485245,-0.6902768997045898,False
158,1,0.6197279321544253,-0.1413105479420942,False
159,1,-0.6050299086571136,0.5940565778164233,False
160,1,-0.29946430516586764,-0.051448814672868215,True
161,1,-0.7549003692530785,0.15844989965259204,False
162,1,0.7887498230352903,-0.536217215506146,False
163,1,0.9698763719068519,-0.7704424856672898,False
164,1,-0.9103321851514521,0.006964953894570636,True
165,1,0.0355618255435195,0.4755422706672472,True
166,1,0.8565279212136743,-0.723951233181412,False
167,1,0.43708452437328815,0.8201033719687563,True
168,1,-0.8411111355022689,-0.7061233761807872,True
169,1,-0.7474346525089073,-0.028584165436281728,True
170,1,0.11820415383513261,-0.655846985375999,False
171,1,0.7161356927784732,-0.7877873673187414,False
172,1,0.12246762289378688,-0.1547670572461448,False
173,1,0.32742736058938493,0.003004284567299287,True
174,1,-0.9320127228691231,-0.05612989815949443,True
175,1,0.780970187844473,-0.8132895418933621,False
176,1,-0.3465626914741302,0.3221487073463314,False
177,1,0.009973556113079818,-0.9613865322707715,True
178,1,-0.8552051852809499,-0.629579531438113,True
179,1,-0.6403889119670583,-0.285129480107019,True
180,1,0.882126261608619,0.15061625345225527,True
181,1,0.5692688632482739,0.4570581683103423,True
182,1,-0.5595257565456844,0.43550310216306776,False
183,1,0.4259880313914386,0.985815725171252,True
184,1,-0.9615441576704071,0.5086764471958585,False
185,1,-0.9868949009567412,0.16557769613283546,False
186,1,0.5456409179237307,-0.6717528015730339,False
187,1,-0.8078823497093588,0.15297157840063869,False
188,1,-0.976469274230245,0.7002680873824332,False
189,1,0.6818529258753077,-0.3940892426921243,False
190,1,0.008151177129549714,-0.23243969480662074,True
191,1,0.05801547508478522,-0.5243224782080582,True
192,1,-0.6725199385309442,-0.45350087929570293,True
193,1,-0.4584966916051896,-0.9409301927609606,True
194,1,-0.9932295671575231,-0.5390717802113763,True
195,1,0.790637035192788,-0.2723129304776588,False
196,1,0.8477815158392943,-0.3354636778401463,False
197,1,0.9268294665470866,-0.5876563544883147,False
198,1,0.635155433603376,0.43537768736317184,True
199,1,-0.39021246733176196,0.6574483761386065,False
200,1,0.6882890850278398,-0.459576614708058,False
201,1,-0.889273176677501,0.9795699802795335,False
202,1,-0.7031039388101457,0.9911802265112795,False
203,1,-0.7087461016056478,-0.7696648616559343,True
204,1,-0.7677479008310759,-0.3256231956033586,True
205,1,-0.9894186879569242,0.13281807757255915,False
206,1,-0.5623241463476396,-0.4738888308496567,True
207,1,0.23974230169356736,0.6724636091189851,True
208,1,-0.9280948951126924,-0.680095914208082,True
209,1,-0.9346604271260937,0.41145509591828855,False
210,1,-0.5546666638595874,0.6079370040206333,False
211,1,-0.35236726952577224,0.9408399001872054,False
212,1,-0.25749001524960224,0.7705026509598001,False
213,1,-0.964909867298156,-0.6276247331906968,True
214,1,0.5720200965216007,-0.9026871268662611,False
215,1,-0.7167692934220256,0.6602296545345923,False
216,1,0.09391662668396661,0.18381798134971628,True
217,1,0.4342313362408152,-0.24390940910774095,False
218,1,-0.41253080649716023,-0.15907627509730915,True
219,1,-0.33941237698353754,0.7477437262901443,False
220,1,0.5093734509437815,-0.6850917157089416,False
221,1,-0.40488634295809267,-0.6424856346534635,True
222,1,0.3990814875033799,-0.165849561227027,False
223,1,-0.7536339005044259,0.9662941258097053,False
224,1,-0.9896416381596951,-0.31521057849812983,True
225,1,-0.22910234845694788,0.9631512376107512,False
226,1,0.8882202113247826,0.7195701913689894,True
227,1,0.5249943206375016,0.5424103457255607,True
228,1,-0.08123527964611377,-0.5166303283088145,True
229,1,0.3685912386470631,0.6307735533758172,True
230,1,0.507828691568424,0.9585902264922186,True
231,1,0.8603098541233234,0.10979031843656939,True
232,1,-0.36724079322149406,-0.15840499298804422,True
233,1,0.7533830779241459,-0.04000550909485279,True
234,1,0.2636613407092552,-0.0792751691975302,True
235,1,0.3167457570563683,-0.25321826289481186,False
236,1,-0.6824832163081291,-0.7988582610476973,True
237,1,-0.3239702559819757,-0.30604104686533296,True
238,1,-0.03686475279370671,-0.6588109526865036,True
239,1,0.29386156149691,0.600433485938364,True
240,1,-0.5556864900757443,-0.5841665135128493,True
241,1,0.17247681832506223,0.17670473973048928,True
242,1,-0.39008088132910523,0.7207258165574222,False
243,1,0.09606533007782314,0.4301212217046859,True
244,1,-0.39340445178084016,-0.7420386416789171,True
245,1,0.19418656772671228,-0.7483372108768873,False
246,1,-0.037279391327611044,-0.004681469311819564,False
247,1,-0.6526444072549478,-0.2866179282496757,True
248,1,0.7968509354482807,0.6740953312532756,True
249,1,0.5564529725308733,-0.4537577575540641,False
250,1,-0.7312804854410524,-0.6321842799115709,True
251,1,0.048833564255927886,-0.5899964107531206,False
252,1,-0.9911619661666995,0.29409320811287176,False
253,1,0.30450606616182996,-0.5568091959559487,False
254,1,-0.22768061762667968,-0.0999127844622405,False
255,1,0.8177872874456193,-0.04014393855876808,False
256,1,-0.7338815228824003,0.9239534576891799,False
257,1,0.009562553028604315,0.023900780543915978,False
258,1,0.3860714881767131,0.22509244097895165,False
259,1,-0.27999526205176695,0.3977712678916181,False
260,1,-0.8757518718301716,0.243437050837632,False
261,1,0.0007671362923573621,-0.5090182691294718,False
262,1,-0.7396817801679365,-0.951768799840617,True
263,1,-0.6715040239071941,0.9545147477868074,False
264,1,-0.24925346994516473,0.28480743072422365,False
265,1,-0.5906575724588683,0.6741220059273472,False
266,1,0.7932529244082691,0.5402121631191132,True
267,1,0.9558558415076974,-0.08494066603231798,True
268,1,0.14119781322505887,-0.39583740914759225,True
269,1,-0.8760309611302641,0.6090769184087583,False
270,1,0.8579668712769257,-0.7567470989001044,False
271,1,-0.2874620346295069,0.5645072192613512,False
272,1,-0.14798419510173777,-0.09244249964242246,True
273,1,0.3586155091670069,-0.342390826893441,False
274,1,-0.10827765555287883,-0.0780786226658341,False
275,1,0.8123619453630146,0.6398101216088496,True
276,1,-0.8996912425112977,0.40764483700319176,False
277,1,0.6581284709110637,-0.7311460470619082,False
278,1,0.27001118435313676,-0.21824945769640713,True
279,1,0.779922200218351,-0.40822581450975104,False
280,1,0.29775691245591784,0.0943467633054369,False
281,1,-0.5594691851360016,-0.48733674766006274,True
282,1,-0.3952267694890754,0.9777192206879493,False
283,1,-0.5011934019692224,-0.752147564549666,True
284,1,-0.6773695233416999,0.21858931950320115,False
285,1,0.6617942345158012,0.44841032371389633,True
286,1,-0.3220106273870289,-0.35398942031934233,True
287,1,-0.4988530462330292,0.7136836413461902,False
288,1,-0.7612321260335124,0.7423624051407289,False
289,1,0.6571831087083639,-0.08470760873031358,False
290,1,0.22701441486844853,-0.7686460584761663,False
291,1,0.9362118125036964,-0.3496433068364273,False
292,1,0.03316913456113957,-0.24382428294014913,False
293,1,-0.6753362963371443,0.08941552116452534,False
294,1,-0.28456028396346356,0.2566226689475244,False
295,1,0.8866626675879201,-0.4662194853531607,False
296,1,0.58228966731836,-0.41460572679094887,False
297,1,0.6941655779655891,0.9495749340079536,True
298,1,0.822946873468988,-0.013756219469974296,True
299,1,0.27169090698677323,0.9702906256949702,True
300,1,0.06843069084724984,0.3139838875787839,True
301,1,0.252338263828803,-0.1491266179984525,False
302,1,-0.9220242085039427,-0.09325575678679554,True
303,1,0.23902108634667218,-0.12506608724487878,False
304,1,-0.7371988302477508,-0.1804842838740024,True
305,1,-0.8650692278871801,-0.2693145991220651,True
306,1,-0.9546713799816686,0.1682457388991596,False
307,1,-0.6034675814355224,-0.2823129440383103,True
308,1,-0.15096990582416359,-0.5806018628605383,True
309,1,0.9236130093913528,-0.5747703673673108,False
310,1,-0.49905079473546454,0.19904920262684844,False
311,1,0.9072015078940772,0.5534878137315571,True
312,1,-0.29872224937517533,0.6027920129251627,False
313,1,-0.33728765192948185,0.5451222221807568,False
314,1,-0.38795791005073554,0.6097392316004533,False
315,1,0.3151790311851652,0.15276354115554636,True
316,1,0.35812747050646365,-0.30456563114617285,False
317,1,-0.9979424435448181,-0.7132041850677553,True
318,1,0.2336985279053294,0.31238683307998083,True
319,1,-0.5365067439761526,0.265898818041733,False
320,1,0.2578126532689744,-0.27464421704842623,False
321,1,-0.3361887641024428,0.5772289835419888,False
322,1,-0.4569007123330451,0.20910083149144754,False
323,1,0.10619100512791846,0.863426814656945,True
324,1,-0.6124609182308911,0.7082127404697947,False
325,1,0.35708010243962773,-0.048898334229449114,False
326,1,0.9032324974169275,0.004098991580825828,True
327,1,-0.09514113439658556,0.08091231621048145,True
328,1,0.3997785929518838,0.03197558441823056,True
329,1,-0.3900160949679765,0.9684340279273216,False
330,1,-0.30047663740982333,0.5206427866799674,False
331,1,-0.44440079759241713,-0.931484415644251,True
332,1,0.5534777504815047,0.8577987094398059,True
333,1,-0.18116456894162014,-0.6279928344187606,True
334,1,-0.3460715949833628,0.28652297853381725,False
335,1,0.25017134094273774,0.9224543024101879,True
336,1,-0.7414867743415432,0.40621826079572654,False
337,1,0.7860544971020635,0.983646156097459,True
338,1,-0.7027416906213895,0.6369038301567704,False
339,1,-0.4715232688056208,0.056603696658198865,False
340,1,0.14836546310383603,0.16731894661486457,True
341,1,-0.8033604896014623,0.6350857056906163,False
342,1,0.7470103393574306,0.14520176896777026,True
343,1,0.8871364089401119,-0.23956508550778333,False
344,1,0.35657703283202724,0.7920308189428575,True
345,1,0.7763994843151731,-0.9896952599020323,False
346,1,0.44286221840157913,-0.9520223949726447,False
347,1,0.49831453141008786,-0.39396151914543154,False
348,1,0.05351659227580363,0.6992026759094818,True
349,1,0.8970186229033938,0.9468401182832953,True
350,1,0.07045057806846478,0.8288148419768466,True
351,1,-0.3081218184728507,0.4667103219357398,False
352,1,-0.7807945763671253,-0.0010207865327707122,True
353,1,0.2945254351782589,-0.7340672148333238,False
354,1,-0.8115667024397548,0.9314230116856232,False
355,1,-0.5296568723040753,-0.9310791649651662,True
356,1,-0.2766921767489814,0.6260323890211545,False
357,1,-0.23706694864487843,0.9230828845432704,False
358,1,-0.6759365443555114,0.318209884579836,False
359,1,-0.051298200209853206,-0.3171609151410173,True
360,1,-0.040948717195044226,0.7421148536469004,False
361,1,0.49278383288613914,-0.7748672244216612,False
362,1,-0.07249265215770873,0.5529762172848633,False
363,1,-0.2739539967153306,-0.18237935696565555,False
364,1,-0.4408691362398074,0.48678860580897876,False
365,1,0.8139011153469708,-0.038029902480042344,True
366,1,-0.1136264171596848,0.20731371031783197,True
367,1,0.3137077931563943,0.591206131792479,True
368,1,-0.3204414347662692,-0.490870048947436,True
369,1,-0.8189993002918043,-0.6559475415641025,True
370,1,0.1584018038497943,0.12487097423524762,False
371,1,-0.5340579221439792,0.5077160915219823,False
372,1,-0.5666141258805995,0.5590362649586549,False
373,1,-0.6310302486347366,-0.1285343981059408,True
374,1,0.18521684806261196,-0.44288128424851614,False
375,1,-0.751760025871244,0.8630267333479096,False
376,1,-0.12246562703926678,0.01211427568901624,False
377,1,-0.2106971103375197,-0.16327592837250093,False
378,1,0.5167326550254945,0.9326694839073335,True
379,1,-0.7685552045929571,0.4256891042346007,False
380,1,-0.9025920628867987,0.048523607912837496,False
381,1,-0.18545977501227395,0.9645775156449146,False
382,1,-0.21113521903821075,0.07710249246820156,True
383,1,0.6495394692505265,-0.6745900784075793,False
384,1,0.1528905654467081,0.8937624528957573,True
385,1,-0.18078758422650076,-0.12220024848306044,False
386,1,0.5959499633337271,-0.7363442976988679,False
387,1,0.3833784924662831,0.2421084097308981,True
388,1,-0.7152031348709846,-0.010903927696769289,False
389,1,0.49153606265511285,0.4710211688200989,True
390,1,-0.13289932296610507,-0.364400346382423,True
391,1,-0.5732986795369002,0.4242744832882914,False
392,1,-0.21197125286992113,-0.010832337300380468,True
393,1,-0.5181413415643163,-0.912066874054491,True
394,1,-0.41819039721795725,-0.4238900909416612,True
395,1,-0.5315736227416035,0.5645212493768523,False
396,1,0.48908246411534306,0.07295310223815621,True
397,1,-0.20239788967682348,0.8550266823236763,False
398,1,-0.9988275923983847,0.6070314895578639,False
399,1,0.10607240686713704,-0.10158902096257116,False
400,1,-0.7316835256486742,-0.44523093589156804,True
401,1,0.8812541535958918,0.06771687592980169,True
402,1,-0.07725260336925377,-0.6050832793296173,True
403,1,-0.45390162206562734,0.7262490002895132,False
404,1,0.7714220585811769,-0.7318573940671789,False
405,1,-0.25648791345314903,-0.48625390311622874,True
406,1,0.6501820559903349,0.66632517314297,True
407,1,-0.9932248358063092,-0.36479861145277925,True
408,1,0.7168316026338231,-0.7000399161075153,False
409,1,0.12580746892095807,0.15473945200169203,True
410,1,0.8970608206107189,0.7587895836555536,True
411,1,-0.917527147727706,0.4668715324855326,False
412,1,0.06584941514931852,-0.5144708971242793,True
413,1,0.1695946140041027,0.26241822432944883,False
414,1,-0.652622860587927,0.18456689258738135,False
415,1,0.9138584302813957,-0.3269091033811886,False
416,1,-0.3984299623071652,-0.8689195074240816,True
417,1,-0.6375505783192217,-0.808515285525333,True
418,1,0.16851047894811066,-0.09599994731522865,True
419,1,-0.5519638195453807,-0.9234954326742353,True
420,1,0.7465792037513694,0.6335184603273487,True
421,1,0.8251155072055603,0.959427577658442,True
422,1,-0.8916854600912703,-0.38606329405773865,True
423,1,-0.21547069044482314,0.6066741179673343,False
424,1,0.7213332759621709,-0.3566149100333822,False
425,1,0.08142841871442119,0.1900290951744592,True
426,1,-0.8064611189714708,0.9798590012451627,False
427,1,0.6011258590738624,-0.1393491723708098,False
428,1,-0.40612092334625016,-0.001597813728713815,False
429,1,-0.5600869083932811,-0.8338987220388976,True
430,1,-0.3179329488698257,-0.9265886981781786,True
431,1,0.844136064490004,-0.9013908561199213,False
432,1,-0.8583711776795353,-0.16117292131311522,True
433,1,0.7672931019597895,-0.3279118026467087,False
434,1,-0.5559756505430176,-0.7584265207547303,True
435,1,-0.09460565913012453,-0.037868412974008114,False
436,1,-0.844896599369581,-0.4001461125548822,True
437,1,0.460696195202573,-0.9541860893858485,False
438,1,0.49243592377763945,-0.7132485639159329,False
439,1,-0.9954709431857611,-0.8010798080232158,True
440,1,0.60308392808784,-0.8697127118320886,False
441,1,0.2844995136024677,-0.7696571729104491,False
442,1,-0.6671993340290456,-0.9080652276808265,True
443,1,0.3225113958231791,0.37762943484002287,True
444,1,0.5460609381438168,0.44369276267139,True
445,1,-0.5726215566707906,-0.5199775108655496,True
446,1,-0.17835284021248188,0.03897549932300137,False
447,1,-0.10470664775955107,0.8412037097873586,False
448,1,0.7307848974615339,-0.19945061624732174,False
449,1,0.15322480505126945,0.29668628602689884,True
450,1,-0.4774974686087643,-0.8082740628146878,True
451,1,0.787711490158866,0.4428365163709713,True
452,1,0.6402132537472831,0.3052210909597026,True
453,1,-0.7593516076231555,-0.9384775902572651,True
454,1,-0.9855831877127326,-0.2665537615231397,True
455,1,0.6609932430650354,-0.8692704624367871,False
456,1,0.48189951462311,0.5076112818693113,True
457,1,-0.7764053986716752,0.9005103208353429,False
458,1,0.11944757245896609,-0.46528184100588454,False
459,1,-0.9615731271151711,-0.006910626872670855,True
460,1,-0.7702678375086214,-0.5343150977113484,True
461,1,0.163414261807034,-0.9991698743753064,False
462,1,-0.7881799072271358,0.36149638800737294,False
463,1,0.7675645219602627,-0.7818604927617079,False
464,1,0.6947819641177977,-0.985680973341523,False
465,1,0.6162758762918388,-0.6704619113113222,False
466,1,-0.8695319148032057,-0.27623480335475525,True
467,1,0.011509292812050154,0.5899199753603728,False
468,1,0.856280749823864,0.639720676889139,True
469,1,0.14374154772891146,0.14256800662928582,False
470,1,-0.2766151278969262,0.6692799413997828,False
471,1,-0.15731367305345034,0.7351031058324144,False
472,1,-0.0733845154445183,-0.7736418293934488,True
473,1,-0.1020721266649891,0.10413659179523083,False
474,1,-0.024500862267109014,0.06035674455188511,True
475,1,-0.8849171881731752,0.06466717971577718,False
476,1,-0.7511395333005406,0.6417780555012975,False
477,1,0.8460591428923003,0.09227447639036979,True
478,1,-0.1858797851068692,-0.10788114503525992,True
479,1,-0.6586465807934989,-0.7447779191969084,True
480,1,-0.9997471097668413,-0.26433591648181065,True
481,1,0.15173191669258368,-0.04879630264819568,False
482,1,0.5850697977057853,0.9846219207039473,True
483,1,-0.43831440353784235,0.690176814357008,False
484,1,0.516413111903155,-0.2744971990201508,False
485,1,-0.6172086345432413,-0.4160805038178861,True
486,1,0.970026190926637,0.46865097644799314,True
487,1,0.08228874495545635,0.7417824928528551,False
488,1,0.4954865447573935,0.6755899563480572,True
489,1,0.19545843644047434,0.5877327972059894,True
490,1,-0.300072057663765,0.12188400720342529,False
491,1,0.6961299171503368,0.5824602543826993,True
492,1,-0.5815644561087083,0.3425551609283799,False
493,1,0.1177756924138138,-0.11024777905930483,False
494,1,-0.7055575857744125,-0.872653664806252,True
495,1,0.42240765364475985,0.347959241958421,True
496,1,-0.28382473380839657,-0.10222321573264037,True
497,1,0.2659155022392816,-0.3003246126444221,False
498,1,-0.07376959630763547,-0.6828104116328644,True
499,1,0.8254708141312912,-0.8575591625166901,False
500,1,0.6188541225401087,0.5283501684811085,True
501,1,0.15933813802738306,0.8675318004684087,True
502,1,0.06073878806144872,-0.36327433266114006,False
503,1,0.9954453607389175,-0.20439743303603208,False
504,1,-0.15194188006117249,-0.07881526847820108,False
505,1,-0.5665851486612241,-0.7363892122106694,True
506,1,0.898618986937278,0.07853025663379376,True
507,1,-0.4406834957385539,0.5984618735710754,False
508,1,0.6669350711824078,-0.1925837154567176,False
509,1,-0.08348363025065098,-0.3990247126238795,True
510,1,0.38788137779349285,-0.7785023524191281,False
511,1,-0.86996107541424,-0.6175637327329344,True
512,1,0.2163870933319314,-0.7016667311035896,False
513,1,-0.5574956436977165,-0.9299391762381932,True
514,1,0.7197787513389708,0.86614824039724,True
515,1,0.9259821695946551,0.45861950225447035,True
516,1,-0.48845250755249237,-0.6846367015568964,True
517,1,-0.972078332549297,-0.5703639162247545,True
518,1,0.7558133181133218,-0.3659296659774596,False
519,1,0.43150522946593384,-0.6548077175605058,False
520,1,-0.062489819375140865,0.1679519976233006,True
521,1,-0.4441908808096433,0.010284362580393669,False
522,1,-0.8835018450400824,-0.8908822176330369,True
523,1,-0.9256357316294963,0.24428284950261148,False
524,1,0.7643659282613386,0.8882405266227209,True
525,1,0.979099789023093,-0.6389004046286055,False
526,1,-0.5333040591877631,0.28028417372785364,False
527,1,0.9979609768011981,-0.2883625929084239,False
528,1,0.3343733670384821,0.46602326434701924,True
529,1,-0.7565277035935107,0.06812485988325978,True
530,1,0.847018170789628,-0.5894393726828984,False
531,1,-0.30380162095362695,0.07045118709283882,False
532,1,0.3672037661322636,0.3807582453300009,True
533,1,0.9981113091896434,-0.25609887800555065,False
534,1,0.7268711772266294,-0.2095818624932575,False
535,1,0.05980580079320896,-0.390060100494791,True
536,1,0.1308597349869849,0.32778644759820397,False
537,1,-0.3455335889769633,-0.21231753144785492,True
538,1,0.7730569233296654,0.8088625538607188,True
539,1,0.032786982817966104,-0.08039355385841396,True
540,1,-0.26671736495583165,-0.5358341089086713,True
541,1,-0.4937753086648453,0.9423447993070195,False
542,1,-0.5768238121117115,-0.08523161893267384,True
543,1,-0.2637665167430294,-0.3140114854051639,True
544,1,-0.305263676629413,0.005058278687091633,True
545,1,0.5119075015087282,0.9095091866019995,True
546,1,0.030735739115879346,-0.30261993403449017,False
547,1,-0.9124525499586045,0.3885610820922303,False
548,1,-0.7087174180504261,-0.15680648128410546,True
549,1,0.9608766993959601,0.05124283790025541,False
550,1,-0.2831790795444278,-0.08266748841715366,True
551,1,-0.8650407888962344,0.2513335319182397,False
552,1,0.3226323800912452,0.32190338311411315,True
553,1,-0.8865926053364435,-0.6216484182998612,True
554,1,0.041581400319874895,-0.8553640832074245,False
555,1,-0.6672240351936751,0.6341520576117166,False
556,1,0.3536030154111731,0.6431293949829351,True
557,1,0.8251765900354842,-0.13656902051944808,False
558,1,-0.9013796284643911,0.3365596214388147,False
559,1,-0.37154145360745106,0.9560382987708593,False
560,1,0.48470556835485934,0.8190831314885656,True
561,1,0.6822659780249267,-0.0032223744009198807,False
562,1,0.28509994660003857,0.8391279933189377,True
563,1,0.45475712441823024,-0.7725127524154403,False
564,1,-0.6814525559626758,-0.012430028490495681,False
565,1,-0.9642868022951514,0.10179273094255703,False
566,1,0.63165113056346,0.8846128340180444,True
567,1,0.455485991504345,-0.9795697705410615,False
568,1,0.19037482210025658,0.5050934502725932,True
569,1,-0.3385698256724863,-0.11565919437768213,True
570,1,0.6932417154505632,0.8596481825038158,True
571,1,0.19115466478083865,-0.10146157427288971,True
572,1,-0.9904008912333451,0.4063063770362161,False
573,1,0.538405020392206,0.7577043377416766,True
574,1,-0.27549808682813914,0.23331336307586126,False
575,1,-0.39521302856173146,0.45886566759687764,False
576,1,0.6302993380969768,0.9044998823146027,True
577,1,-0.3415594478698265,-0.44026607398154005,True
578,1,-0.9441497920097732,0.4583920125190628,False
579,1,-0.833221611708733,-0.1091594504463762,True
580,1,0.4491268358916014,0.806033147934903,True
581,1,-0.7303710830909491,0.5268180116573076,False
582,1,-0.4274047777604848,-0.9612341486971805,True
583,1,-0.047402443053696564,-0.9613358403266019,True
584,1,0.7526979967244576,-0.9651460664780982,False
585,1,-0.9330247424699785,-0.7900535348827737,True
586,1,0.9302603898752779,0.10705247517448058,True
587,1,0.8345243958285433,-0.0024606834054383686,True
588,1,0.04234028864557726,0.6204541489365394,True
589,1,0.940780058668893,0.9679442997464249,True
590,1,0.0052922749082600085,-0.556624553454798,False
591,1,-0.959330647123096,0.39978059171936375,False
592,1,0.10195993172094564,0.03736203141378214,True
593,1,-0.11415253297974925,0.5351258037063236,False
594,1,0.41099126414403475,0.7141968541449837,True
595,1,-0.04067008901212743,-0.6549466317194488,True
596,1,0.960893418090845,0.10951858363631861,True
597,1,0.12475481512027486,0.7235501744417356,True
598,1,-0.9288837816236684,0.5172753613055925,False
599,1,-0.9298024226121169,0.40909927004731417,False
600,1,0.0531551571834743,0.3912698660454872,True
601,1,0.003354080634370149,0.26180137002127957,True
602,1,0.825103722820375,0.4769535328931567,True
603,1,-0.133156860270349,0.6403012547253326,False
604,1,0.5930732813090991,0.2286688794684688,True
605,1,0.7527513045441427,-0.16103718630813812,False
606,1,0.8651572119255984,-0.3134302495221797,False
607,1,0.7932151057803944,0.8310913203397834,True
608,1,-0.6538116932484568,0.005128266944928406,True
609,1,0.7754032281085905,-0.6228579563726668,False
610,1,-0.301710307053781,-0.04538853933040343,True
611,1,-0.9531049473787301,-0.9614303762252512,True
612,1,0.10382563921803856,-0.7151867561843837,False
613,1,0.7123451532756375,-0.4919047329724675,False
614,1,0.26983666926499494,0.7368758962842947,True
615,1,0.9395024108105754,0.6477030056609858,True
616,1,-0.49173641702468074,-0.7839125744830984,True
617,1,-0.16152914706940624,-0.4608614631669772,True
618,1,0.1830629691443606,0.4868573682073396,True
619,1,0.1471653489920146,0.5033631205682245,False
620,1,0.17763794525757848,0.10968785090183264,True
621,1,-0.5581584681893956,-0.8986682177673033,True
622,1,0.39245075010303365,0.015848297415318235,False
623,1,-0.4139472346347075,0.6535646956229286,False
624,1,0.005542982035818156,-0.4951858687356214,True
625,1,0.23810845020972282,0.42650079309034394,True
626,1,-0.9050711694622726,-0.8229927890338387,True
627,1,-0.3057822922114901,0.35146914562699516,False
628,1,0.5108017160103169,-0.017833574524294127,True
629,1,0.5635021473003354,0.4571700698798835,True
630,1,0.8829194383191084,0.41711417349797486,True
631,1,-0.8949862229512402,0.25782159704605134,False
632,1,-0.8360451784020215,-0.48877098156835763,True
633,1,-0.41087768015684456,-0.42029792260541443,True
634,1,-0.9395359065207494,0.37206655500975105,False
635,1,0.1793698564239672,0.2031480367969345,True
636,1,0.8293107961738386,0.13959033646302932,True
637,1,-0.7953335723411241,-0.1839245399119276,True
638,1,-0.72766722433408,0.6789459915659584,False
639,1,-0.6092266571557914,0.07457585496462715,False
640,1,0.11394883478814744,-0.611429397287186,False
641,1,0.3787917409443273,0.6472665731417644,True
642,1,0.09784186369143932,-0.6356184714266606,False
643,1,0.6881587425127818,0.01345802151443598,True
644,1,0.9201350003683844,-0.9436524298849684,False
645,1,0.567427692006925,0.08659845174547409,True
646,1,-0.883001343073907,-0.9210300897199717,True
647,1,0.19993459767907895,-0.5701356288594104,False
648,1,0.5954225360007646,-0.9867025927153397,False
649,1,-0.13919263096156165,0.4265039775471442,False
650,1,-0.5955843142471586,-0.058142746056369266,False
651,1,-0.42555576027930586,0.9226677936932755,False
652,1,0.5495936567510038,-0.38612241187400365,False
653,1,0.3931620176190198,0.8182182281993968,True
654,1,-0.6665272014075116,-0.48013108149315675,True
655,1,-0.04262671843013299,0.7434127455532595,False
656,1,-0.24071544358682728,0.5005485704136154,False
657,1,-0.7781041118179037,0.6044599163338114,False
658,1,-0.8835645957653611,-0.3492227051229009,True
659,1,-0.6867512334224621,-0.2771562835601409,True
660,1,-0.6800422905438939,0.2571491000140158,False
661,1,0.9842331701924676,-0.43881983023207116,False
662,1,0.13495118976167975,-0.1901634555249745,False
663,1,-0.16091530722537306,0.3321532551642876,False
664,1,-0.466120996996471,0.514025644991388,False
665,1,0.42774929958534114,0.21318018867777866,True
666,1,0.3921215840365344,-0.47518231899169017,False
667,1,-0.9331936142678932,-0.8903118665395606,True
668,1,-0.762411606040944,-0.9192944590374663,True
669,1,-0.5008409346504974,-0.9311145097212463,True
670,1,-0.48711846895395894,0.9523552263606105,False
671,1,-0.30260936706115804,0.2342516582233094,False
672,1,-0.057423096464095824,-0.8801427109989572,False
673,1,0.9770160854532335,-0.2754724731426046,False
674,1,-0.5210682793564665,-0.17562428085297732,True
675,1,-0.5921742239639469,-0.4743152670132198,True
676,1,0.9721343282706696,-0.3374624661849055,False
677,1,-0.8388226952346383,0.19784331630155005,False
678,1,0.6463601633464162,-0.6795916741093733,False
679,1,0.38340820487963634,0.25886678061291546,True
680,1,0.06574386690947653,-0.9270166394394312,False
681,1,-0.01828976372717661,-0.9394188785549125,True
682,1,-0.2226412281527146,-0.9595259977147066,True
683,1,0.2227094600920967,0.29542349778722365,True
684,1,0.5030209789488265,-0.5734697175983561,False
685,1,-0.6827464658524067,-0.0755683704547565,False
686,1,0.17378153929335816,0.8413087511571633,True
687,1,0.9857385294602117,-0.5956751015769037,False
688,1,0.6735906084509771,-0.050722660796048924,False
689,1,-0.8594787615870698,0.9992020546939582,False
690,1,-0.403273644568942,-0.04379930257329434,False
691,1,-0.6476471284057175,0.06122526971871989,False
692,1,0.08408934378367872,-0.7117268924037623,False
693,1,0.7560038709808365,0.08703519167924734,True
694,1,-0.9405822483550659,0.8296377016967091,False
695,1,-0.6847476386540481,0.2455586473145135,False
696,1,-0.32664458192283297,0.5197723444412685,False
697,1,-0.03139453280575255,0.34701538451401936,False
698,1,0.8661949155092767,0.6763787864247452,True
699,1,0.5927541765107349,-0.779381583963316,False
700,1,0.4898349849637207,-0.40317933673142514,False
701,1,0.5070912108744541,0.4326097416410557,True
702,1,-0.13682430259435718,-0.5535498340754945,True
703,1,-0.16888572305172556,0.24911316461221977,False
704,1,-0.39540905872236887,-0.2254683044615593,True
705,1,0.7584982745899265,0.34111971118261275,True
706,1,-0.18345982438987796,-0.3657333089940027,True
707,1,0.21458849940420777,-0.5814373576369303,False
708,1,0.2285135546534709,-0.5645394865788269,False
709,1,-0.6812836216741629,-0.9999736590296793,True
710,1,0.6113110467597427,0.8752241355129493,True
711,1,-0.3222598281630391,0.49938922767536287,False
712,1,0.5228002966476337,0.9134085159693177,True
713,1,0.7463753315118096,-0.07836591817878724,False
714,1,-0.2057183552824391,-0.7727161428905753,True
715,1,0.5220909502145485,0.5315884534132609,True
716,1,0.6060718379690457,0.39050646660631383,True
717,1,0.9778755663548826,-0.27413247179388023,False
718,1,0.004820320025665126,0.564374138796153,True
719,1,0.5441297877873172,0.14647012460152675,True
720,1,-0.38791282218589873,0.4603319333727829,False
721,1,0.07888347565238418,-0.6162758586964499,True
722,1,0.22213542632693617,-0.2718797264850088,False
723,1,-0.8567189385459468,-0.994618474506366,True
724,1,0.718686838229645,-0.2109396158701733,False
725,1,0.3763927859728544,0.2453846418986032,True
726,1,0.6974455056177089,0.5738288609856643,True
727,1,-0.7913706745992193,-0.453223034040223,True
728,1,-0.4975730542958756,-0.4542558378172483,True
729,1,-0.3098810480059411,0.8448341726450206,False
730,1,0.5032886351574382,0.09415171496405961,True
731,1,0.42964311128891586,-0.0704282551702815,False
732,1,0.45076093945417495,0.46715569337940055,True
733,1,-0.03504358310516387,0.6749603931987918,False
734,1,0.5815146434975069,0.4911353855717031,True
735,1,-0.7422097978131217,-0.5492444270199439,True
736,1,-0.8105436890807576,0.31424404366959835,False
737,1,-0.7839264952214222,0.713311001771487,False
738,1,0.6231692064718259,0.7355968720541552,True
739,1,-0.39824029897656743,0.2882122906875584,False
740,1,-0.18732329778716572,0.0963014281627197,True
741,1,0.45823588827781947,0.19497520490675102,True
742,1,0.6491959779450807,0.34765987464161907,True
743,1,-0.5074632119557474,0.4995581694666771,False
744,1,0.9108978209156184,0.44010899975680795,True
745,1,-0.20346763221886066,0.9467368684948436,False
746,1,-0.8406295728387134,-0.616043784364513,True
747,1,-0.3369474989605037,0.7435631102021201,False
748,1,0.6442322672091025,-0.9032195755184216,False
749,1,-0.884728484950041,0.4798375700283535,False
750,1,-0.15465548053363176,0.8802186595170371,False
751,1,-0.7480175612129294,-0.06473004212296529,False
752,1,0.14268844268311898,0.6866707253998023,True
753,1,0.10562295068886196,0.34828433309860807,True
754,1,-0.7286806585855441,0.25720360746154625,False
755,1,0.3224793864613964,-0.5854153784698037,False
756,1,0.6392070253295854,0.9246297029895247,True
757,1,-0.8336004949336502,0.5847664626930407,False
758,1,0.14115597116545442,-0.3314093147338235,False
759,1,0.9410435240213924,-0.1720452304958242,False
760,1,0.8727490767772845,0.5490991878673908,True
761,1,-0.5974079131715901,0.8951264313319147,False
762,1,-0.8494877776417724,0.35032549056075113,False
763,1,0.5491677713897969,0.19683596256461566,True
764,1,-0.37663474219420134,0.5398381975441129,False
765,1,-0.9723559555238246,-0.20460523760952953,True
766,1,0.39377331463230614,-0.30449266919850126,False
767,1,-0.8151304956870926,-0.7562294138714036,True
768,1,0.46207907736206333,-0.7688813042807388,False
769,1,-0.85718973355505,-0.6283492034507441,True
770,1,0.4740354386624055,0.6119255109490322,True
771,1,0.20829462900209728,0.19938855232130193,True
772,1,0.3941915347815268,0.9032449696232487,True
773,1,-0.462932758841025,0.25385583390485555,False
774,1,0.43836955310501535,0.6935980057567932,True
775,1,0.9336658519223273,-0.4214140598766518,False
776,1,0.6717786404520694,0.4224231463926684,True
777,1,0.07198595519944018,-0.9395005024208392,False
778,1,-0.6489138142110344,-0.16816724572055697,True
779,1,0.1884292977648434,-0.7648585961955732,False
780,1,-0.7763541783735686,-0.9200726949626625,True
781,1,-0.2391825984575333,0.7116066825935135,False
782,1,-0.9780536341919535,-0.5279168058039452,True
783,1,0.7126720685465151,0.5072475671348011,True
784,1,0.5287676871424407,-0.6981617594318561,False
785,1,0.8069833274281999,0.31323868467400806,True
786,1,0.214132281196999,0.7768819593376248,True
787,1,0.12809696762502898,0.570631396779242,True
788,1,-0.6136110953005998,-0.2987712838898178,True
789,1,0.3528148632268431,-0.5518593065248314,False
790,1,0.11800549720729392,0.5538000590830077,False
791,1,0.9546966102767509,-0.4593981393550781,False
792,1,0.1550077516363697,0.7667944992925029,True
793,1,0.0870430054309328,-0.46879321156263276,False
794,1,0.9056018963474364,0.8395037233447475,True
795,1,0.5312594811101046,-0.955267897663439,False
796,1,-0.6174078064277142,0.4545881473715856,False
797,1,0.7834259622275801,-0.13151650111637192,False
798,1,-0.3547619134036517,-0.05940679688798811,True
799,1,0.6828917882980083,-0.760045904091923,False
800,1,0.7987320232504054,0.6219007412173805,True
801,1,-0.4709187081002695,-0.9690936219134625,True
802,1,0.20701713275434175,0.6093636240887994,True
803,1,0.45380416034002335,0.8520400694776262,True
804,1,-0.33340076926300455,0.15942244339863043,False
805,1,-0.6154261527037246,-0.9136211696619043,True
806,1,-0.8175805665640092,0.6488187265916163,False
807,1,0.8746875593935179,-0.997776283727138,False
808,1,-0.7619890583313276,-0.14282436459404213,True
809,1,-0.1288135130653214,-0.7989843625379605,True
810,1,0.6255102910514492,0.1024311636261126,True
811,1,0.643622167908289,0.19653455922118734,True
812,1,0.5876674279637164,-0.48827722565401754,False
813,1,-0.7962199786699051,-0.6649000750475711,True
814,1,-0.43039613487520545,0.9043540664713441,False
815,1,0.860647565614248,-0.6059476389113101,False
816,1,0.3925795305126971,-0.1384211096412511,False
817,1,0.13253016758178982,-0.6914392561813099,False
818,1,-0.7676282113911916,-0.11326107240919137,True
819,1,0.8202955880605516,0.808757471606262,True
820,1,-0.4286757448352303,0.5470259085333309,False
821,1,0.5736900170349057,0.3158069683222908,True
822,1,-0.5936265814983979,-0.7191985262474776,True
823,1,0.7672855486348877,-0.33781395455891494,False
824,1,0.6698462289923259,-0.26972657301463054,False
825,1,-0.788980907048835,0.3896649258520968,False
826,1,-0.13338586042336398,0.18642426502094,False
827,1,-0.4050772734195025,-0.0024989224358225037,True
828,1,0.5690247502919805,-0.38815375801382257,False
829,1,0.1447164424976437,-0.047874112220998244,True
830,1,-0.058924876787907365,-0.7550906826376453,True
831,1,0.19255818764735344,0.8547939320193858,True
832,1,-0.05236531521239307,-0.9830152858354668,True
833,1,-0.2938417501896544,-0.4878310228025511,True
834,1,-0.800583450118574,0.6389533046021347,False
835,1,0.38335301915185904,0.8423169059610425,True
836,1,-0.7158621877754809,-0.6214734825447608,True
837,1,-0.720288874280921,0.43630521653613896,False
838,1,-0.5204802865776297,-0.3304025291021715,True
839,1,0.0782997604603437,-0.6793982339460722,False
840,1,-0.6268925573388269,0.6014558743150384,False
841,1,0.2263629115724357,-0.08195942578183879,True
842,1,-0.3491939717557775,-0.6071216169379916,True
843,1,-0.6389116187714543,0.808417994818855,False
844,1,-0.6671880302665687,0.7202472855803279,False
845,1,0.1304908267305569,0.8350419259787094,True
846,1,-0.3162816781578959,0.14808173219917853,True
847,1,0.29859839142047595,0.16748582765649633,True
848,1,0.44978001231144926,0.7560757030142826,True
849,1,0.4097812156316345,0.8183200427044286,True
850,1,0.9518762372782372,-0.5045801658802209,False
851,1,-0.06489692048741258,0.5482794702987486,False
852,1,-0.3834802502011141,0.8675578741300018,False
853,1,0.7169616394303238,-0.7481579672832435,False
854,1,0.8327308230946329,0.349639174718926,True
855,1,0.5542021557624857,-0.8124720359407649,False
856,1,-0.2427525798793737,-0.8862679824058708,True
857,1,0.20807760523678742,0.9283043059070342,True
858,1,0.6082454167583891,0.3373088897192347,True
859,1,-0.07423751575474458,0.6104778566947466,False
860,1,-0.413158455490215,-0.711796872616022,True
861,1,0.19482051007015277,-0.405235622274698,False
862,1,0.02893139218972207,0.4097159614329562,False
863,1,0.7210081328156506,0.38452912967501085,True
864,1,0.6937971935911738,-0.5237480397653957,False
865,1,-0.15653156171466787,-0.3806402273288656,True
866,1,-0.00619673902780149,-0.505382925202484,False
867,1,-0.7624612990307049,-0.9214557117949154,True
868,1,-0.763253213991351,-0.022065054959857333,True
869,1,0.21306899401930846,-0.8446228048505289,False
870,1,0.540694084539715,0.22484620143789513,True
871,1,-0.14872246795924315,0.6043644818924083,False
872,1,-0.5378680543494985,0.21065257343671084,False
873,1,-0.5174813262084401,-0.8457046730511308,True
874,1,0.4711523183812658,0.18509909666757207,True
875,1,0.928151820651874,-0.26759100397573854,False
876,1,-0.15656342401005086,-0.22953484567402116,True
877,1,0.8605369414431265,0.7952352339980704,True
878,1,-0.07657876882261982,-0.4205603097552164,False
879,1,-0.9531647587384997,-0.31496483699935607,True
880,1,0.9782916274879032,-0.17969527819178754,False
881,1,0.9101283537428726,0.7407401614438673,True
882,1,0.9217876395292259,-0.5826569501139705,False
883,1,-0.5933841384776579,-0.1563837635474017,True
884,1,0.39287668325142366,0.674346459924368,True
885,1,0.7136286870731263,0.8315870274678094,True
886,1,0.5428432242947052,-0.37427076987187813,False
887,1,0.7725739280253676,-0.6853205053981075,False
888,1,0.4202009108139222,-0.11447945789670366,False
889,1,0.5037124786537968,-0.12253817165017766,False
890,1,-0.8772980489901661,-0.7231984510627509,True
891,1,0.9008249562539801,-0.3615490420460161,False
892,1,-0.15467577309979785,-0.3433433973548319,True
893,1,-0.12508085415509496,-0.44319096078478304,True
894,1,-0.7177981313137969,0.7077277763135505,False
895,1,-0.004780359227296138,0.30877977578152427,True
896,1,-0.9350921046241563,-0.04759680167020908,False
897,1,0.7972475485983588,-0.7232524869677135,False
898,1,-0.23919195996354725,-0.13441684318120917,False
899,1,0.2627320558004733,0.14494520391098442,True
900,1,0.30033800240536324,-0.45074938149799637,False
901,1,-0.4102979204233774,0.47592758641625443,False
902,1,-0.9743709743247975,0.8362062746089518,False
903,1,0.05815527551136879,0.9436199632281945,True
904,1,-0.6721465959354769,0.5915162689670812,False
905,1,0.1649518552863929,0.7800718680955123,True
906,1,0.08383669997044652,0.9246308731299171,True
907,1,-0.6850626758762641,0.6983511391592412,False
908,1,-0.6302888019791624,0.8825952233907124,False
909,1,0.4333119981845439,-0.6512229663668594,False
910,1,0.5921530909979174,0.9224637018314332,True
911,1,0.6575748410139264,-0.4858563298664569,False
912,1,-0.6969623617878637,0.7473300285272584,False
913,1,-0.8132441763385165,-0.8487102920015697,True
914,1,0.2270432822635553,-0.2789106639815113,False
915,1,0.2568905652751772,-0.9625147899980131,False
916,1,0.1425664078589155,-0.8615696019504888,False
917,1,-0.40084169767580424,0.4648617666881121,False
918,1,0.6639751498434643,-0.8325577443372958,False
919,1,0.02573479420550684,0.5372791745023473,True
920,1,0.9631470088240215,-0.06415423100967788,False
921,1,0.8525359863422393,-0.28607875121299653,False
922,1,0.024001587151847525,0.8320480443438487,False
923,1,0.2653563629016815,-0.9693163327558574,False
924,1,-0.08604594051538461,0.4953221548986897,False
925,1,0.5751687711944362,0.2402001963146636,True
926,1,-0.9572402360921357,-0.38097166998964616,True
927,1,0.8560332684599252,0.5994550725666994,True
928,1,0.9133805782107356,-0.5015058426422823,False
929,1,0.8422852693148644,0.6158949692802747,True
930,1,-0.4188594570336168,0.02460066764635882,False
931,1,-0.575547597451679,0.5383564430341203,False
932,1,0.4287568247178053,-0.512055048391671,False
933,1,-0.6045699649192797,-0.11120940179461702,True
934,1,-0.05723364504575712,-0.5476628893206552,False
935,1,-0.025047915366544604,0.5564572607396492,False
936,1,0.6474925835214496,-0.2173983828845365,False
937,1,0.28950947571687524,-0.4104828276646235,False
938,1,-0.015460884940335484,-0.038222065764433655,False
939,1,-0.4400494285536172,-0.3002892791236893,True
940,1,0.08814325478311291,0.982198423103847,True
941,1,0.1694751533748553,0.7881404255627424,True
942,1,0.4761660294032588,0.06052596162836643,True
943,1,0.4201680203339351,0.5938826307882681,True
944,1,0.11315256565284737,0.6166956980324563,True
945,1,-0.8881822331405165,-0.8434803949901315,True
946,1,-0.09318144507851756,0.5974571953865933,False
947,1,-0.3834105054989634,0.008110434599293281,False
948,1,-0.010086464881984059,0.5450348369945501,False
949,1,-0.9267106036432948,0.31427368043906867,False
950,1,-0.19413115070708997,0.22843885162773447,False
951,1,0.7218810397482489,0.3447567836826977,True
952,1,0.2541935466436296,0.8519547324688814,True
953,1,0.4195549108074266,-0.660705612816396,False
954,1,0.3078738957630358,-0.21464834219095175,True
955,1,0.15551160771240413,0.9789064240565031,True
956,1,0.9451378393259808,0.8693761411299405,True
957,1,0.5193134736508955,0.8317568869954186,True
958,1,0.34674237272170716,-0.41236334767454164,False
959,1,-0.5603574425241158,0.8311338146868807,False
960,1,0.6175188102988738,0.28556566992164534,True
961,1,0.762338641896962,0.46272116473851255,True
962,1,-0.286235658045644,0.6336877869067252,False
963,1,0.13184620258242252,-0.7165865283918746,False
964,1,-0.7871633190837701,-0.8128118849723487,True
965,1,0.5951299870636384,-0.6543307729385031,False
966,1,-0.25980505277647525,0.4076213937165034,False
967,1,-0.4124272725158491,0.8668843968808613,False
968,1,0.053745014253742784,0.9518031729386345,True
969,1,0.9426307387714572,-0.18072122201726648,False
970,1,-0.8304906290051577,-0.569575698186463,True
971,1,-0.5884704285055502,-0.8389334268436386,True
972,1,0.08526357738602597,-0.431415976139782,True
973,1,-0.28896480188093476,0.6511674551992379,False
974,1,0.017441685151453168,-0.09991902986121337,False
975,1,-0.19432506507336123,0.3818989945135258,False
976,1,0.7708398061377744,-0.6809507506086683,False
977,1,0.837734543314921,-0.5029630470089794,False
978,1,0.8724639091494499,0.3642783390993485,True
979,1,-0.9670381822802958,0.41146109646832674,False
980,1,-0.006820635842806899,0.9959474864111599,False
981,1,-0.4085074432589102,0.551629640413877,False
982,1,0.634521466495596,0.9529488250407538,True
983,1,0.1587629153740111,-0.2730051060853247,False
984,1,-0.06695672838638389,-0.7771307285842157,False
985,1,-0.8865900800676625,-0.3788359924952043,True
986,1,0.029589405483633202,-0.13254157210403328,False
987,1,-0.8241831911324271,0.13517030873065194,False
988,1,-0.7955957430664089,0.28006563304024024,False
989,1,0.01808639620182584,-0.10313802395931182,False
990,1,0.021808456438179302,-0.7069334141273129,True
991,1,0.5323385423473008,0.7107796432839701,True
992,1,0.18096295543227958,0.0982192869274745,True
993,1,-0.5453288303647355,0.5850286273158452,False
994,1,0.739592335516819,-0.2803146837044883,False
995,1,0.9705843067762607,0.018391675921875406,True
996,1,-0.9685699747059582,-0.4646653618277172,True
997,1,0.19433065467208288,-0.31417643645447235,False
998,1,0.816534573268193,0.3592212902440155,True
999,1,-0.3736499872718042,-0.8010332888030747,True
